Champion,Role,Win Percent,Play Percent,Ban Rate,Kills,Deaths,Assists,Largest Killing Spree,Damage Dealt,Damage Taken,Total Healing,Minions Killed,Enemy Jungle CS,Team Jungle CS,Gold Earned,HP,HP+,HP5,HP5+,MP,MP+,MP5,MP5+,AD,AD+,AS,AS+,AR,AR+,MR,MR+,MS,Range
Katarina,SUPPORT,59.27,0.6,0.95,5.56,3.62,2.87,5,9653,11415,2577,100,0.64,0.58,7201,600,85,5,0.5,330,50,8,0.8,50,2.5,0.63,1.5,26,3,34,0.5,335,175
Sett,JUNGLE,54.85,2.97,6.2,6.24,5.63,7.34,6,18104,31979,7886,68.5,6.53,57.87,10970,600,93,9.25,0.75,0,0,0,0,60,4,0.63,1.75,37,4,32,1.25,340,125
Sona,SUPPORT,54.46,2.15,0.02,2.83,5.51,13.23,5,11651,14383,11051,17.2,0.22,0.27,7960,482.36,77,5.5,0.55,340.6,45,11.5,0.4,49,3,0.64,2.3,28,3.3,30,0.5,325,550
Aurelion Sol,MID,54.45,0.88,0.03,5.74,5.07,8.57,7,18725,20819,3794,154.9,1.41,4.98,10332,575,92,7,0.6,350,50,6,0.8,57,3.2,0.63,1.36,19,3.6,30,0.5,325,550
Taric,SUPPORT,53.81,1.66,0.18,1.55,4.88,13.21,3,5360,16447,8666,34.4,0.13,0.21,7177,575,90,6,0.5,300,60,8.5,0.8,55,3.5,0.63,2,40,3.4,32.1,1.25,340,150
Sett,TOP,53.55,8.35,6.2,6.2,5.76,6.12,7,22049,31306,3827,166.9,2.27,3.02,11607,600,93,9.25,0.75,0,0,0,0,60,4,0.63,1.75,37,4,32,1.25,340,125
Singed,TOP,53.11,1.21,0.06,4.7,6.11,8,6,20290,30323,5496,179,1.53,1.53,11224,610,85,9.5,0.55,330,45,7.5,0.55,63,3.38,0.61,1.9,37,3.5,32.1,1.25,345,125
Taliyah,BOTTOM,53.1,0.59,0.03,8.09,6.15,9.25,7,23415,19310,5719,162.3,2.4,6.53,11987,532,90,7,0.7,425,30,9.34,0.85,58,3.3,0.63,1.36,20,3.5,30,0.5,335,525
Ekko,JUNGLE,52.94,9.86,3.71,7.18,5.33,7.3,8,16894,29120,13368,40.5,7.6,77.65,10852,585,85,9,0.9,280,50,7,0.8,58,3,0.69,3.3,32,3,32,1.25,340,125
Senna,BOTTOM,52.93,8.23,2.68,6.01,5.09,11.34,7,19579,16943,10217,154.8,1.07,4.78,11311,520,75,3.5,0.55,350,45,11.5,0.4,50,0,0.63,4,28,3.5,30,0.5,330,600
Nami,SUPPORT,52.89,8.56,0.14,1.85,4.93,14.44,3,7939,12755,10883,12.5,0.07,0.06,7526,489.32,74,5.5,0.55,377.24,43,11.5,0.4,51.21,3.1,0.64,2.61,29,4,30,0.5,335,550
Bard,SUPPORT,52.88,3.35,0.06,3.22,5.53,12.94,5,12370,16947,5804,22.5,0.23,0.18,8094,575,89,5.5,0.55,350,50,6,0.45,52,3,0.63,2,34,4,30,0.5,330,500
Master Yi,JUNGLE,52.76,5.35,2,8.01,6.33,4.84,8,16267,27204,10919,43.7,8.25,81.28,11470,610,108,4.5,1.75,100,0,0,0,65,5.5,0.63,0.5,35.5,5.5,33.5,4,325,175
Shaco,JUNGLE,52.76,4.08,1.04,7.74,5.46,7.53,8,15372,22864,6736,33.4,8.98,69.61,11002,587,89,8.5,0.55,297.2,40,7.16,0.45,63,3,0.69,3,30,3.5,32.1,1.25,350,125
Malphite,TOP,52.65,2.11,0.27,4.49,4.91,8.13,6,17641,19854,2198,149.1,1.03,2.07,10210,537,87,6,0.6,375,27.5,8,0.8,55,3,0.63,1.5,18,3.5,30,0.5,335,500
Warwick,JUNGLE,52.51,3.43,0.19,6.58,5.99,7.63,6,12250,33066,16446,31.7,7.71,72.84,10628,550,85,4,0.75,280,35,7.47,0.58,65,3,0.64,2.3,33,3.2,32.1,1.25,335,125
Miss Fortune,BOTTOM,52.49,12.09,0.96,7.29,5.74,8.14,9,21175,17207,2119,185.1,2.24,8.51,12365,541,91,3.75,0.65,325.84,35,8.04,0.65,50,2.7,0.66,3,28,3,30,0.5,325,550
Cassiopeia,MID,52.42,2.46,1.03,6.79,5.83,6.37,9,21025,23480,8075,181.3,2.94,10.61,11917,575,90,5.5,0.5,350,40,8,0.8,53,3,0.65,1.5,20,3.5,30,0.5,328,550
Ivern,JUNGLE,52.31,0.97,0.03,2.17,4.13,12.89,4,7607,13462,6866,14.9,8.97,80.49,8853,500,70,5.5,0.55,350,64,11.5,0.4,46,1.5,0.63,2.95,28,3.8,30,0.5,315,550
Janna,SUPPORT,52.3,4.86,0.05,1.86,4.99,13.49,4,8480,13007,6800,16,0.09,0.09,7555,570,90,8,0.7,300,40,6.5,0.45,64,3.4,0.66,2.5,34,3.6,32.1,1.25,340,175
Nunu & Willump,JUNGLE,52.3,1.98,0.06,3.67,5.11,11.36,4,10006,33078,17010,30.7,6.22,68.5,9506,570,82,5,0.8,280,42,7,0.5,61,3,0.63,2.25,32,3,32.1,1.25,345,125
Yorick,TOP,52.24,1.11,0.08,4.42,5.3,4.89,6,19859,27298,6931,189.5,2.46,2.85,11760,580,100,8,0.8,300,40,7.5,0.75,62,5,0.63,2,39,4,32,1.25,340,175
Ekko,MID,52.11,2,3.71,7.94,5.71,6.49,8,21156,26876,8161,161.8,2.05,4.98,11773,585,85,9,0.9,280,50,7,0.8,58,3,0.69,3.3,32,3,32,1.25,340,125
Leona,SUPPORT,52.11,10.59,3.52,2.08,5.84,12.41,5,7127,17647,1767,32.8,0.06,0.07,7491,550,90,7,0.55,475,30,8,0.4,53,2.7,0.66,1.36,22,3.7,30,0.5,325,550
Twitch,BOTTOM,52.06,0.96,0.07,8.63,6.29,7.98,7,22088,20045,3080,162.4,2.65,9.82,12439,582,84,3.75,0.6,287.2,40,7.26,0.45,59,3.11,0.68,3.38,27,3,30,0.5,330,550
Graves,JUNGLE,52,2.61,0.05,6.26,5.31,7,7,16187,22034,7677,50.9,11.47,85.82,11280,580,90,7,0.75,277.2,40,6.5,0.6,66,3.2,0.67,2.5,36,4,32.1,1.25,345,175
Diana,MID,51.98,4.75,2.96,7.68,6.31,6.59,9,21949,22387,4262,164.1,3.45,8.54,11903,594,95,7.5,0.85,420,25,8,0.8,57.04,3,0.63,2.25,31,3.6,32.1,1.25,345,150
Kog'Maw,BOTTOM,51.95,0.58,0.01,8.28,6.88,7.63,8,26195,20349,3550,175.9,2.3,9.95,12717,528,92,7.5,0.55,334,50,6,0.8,54.88,3.5,0.63,1.4,21.88,3.5,30,0.5,340,525
Ashe,BOTTOM,51.86,3.41,0.05,5.95,6.04,9.54,7,18305,17701,2831,166.2,1.9,7.89,11642,539,85,3.5,0.55,280,32,6.97,0.4,61,2.96,0.66,3.33,26,3.4,30,0.5,325,600
Trundle,JUNGLE,51.74,1.77,0.03,5.15,5.02,8.63,6,12240,32690,16467,37.8,7.91,72.62,10473,616.28,96,6,0.75,281.6,45,7.51,0.6,68,3,0.67,2.9,37,2.7,32.1,1.25,350,175
Shyvana,JUNGLE,51.71,1.68,0.05,5.92,4.93,6.74,5,17617,29232,10495,45.2,9.84,89.64,11096,595,95,8.5,0.8,100,0,0,0,66,3.4,0.66,2.5,38,3.35,32.1,1.25,350,125
Cassiopeia,BOTTOM,51.66,0.57,1.03,7.13,5.98,7.19,7,20797,22661,8301,178.8,2.55,8.76,12021,575,90,5.5,0.5,350,40,8,0.8,53,3,0.65,1.5,20,3.5,30,0.5,328,550
Rek'Sai,JUNGLE,51.65,4.09,0.52,6.61,5.43,7.49,7,13030,27642,12116,24.7,8.24,75.31,10407,570,85,7.5,0.65,100,0,0,0,64,3,0.67,2,36,3.75,32.1,1.25,335,175
Kayle,TOP,51.59,1.24,0.06,5.14,5.51,5.98,7,18638,20834,8200,187.6,3.09,7.72,11723,585,85,8,0.75,410,50,11.5,0.95,68,3.3,0.67,2.7,38,3.3,32.1,1.25,340,175
Kindred,JUNGLE,51.52,1.53,0.04,6.37,6.01,7.13,8,15658,24324,11834,34.3,13.43,72.99,10624,740,130,6,0.75,100,0,0,0,65,3.5,0.63,3.5,35,4,32.1,1.25,345,125
Viktor,MID,51.52,1.47,0.02,6.58,5.43,6.98,8,24981,16819,2306,187.6,1.9,7.99,11952,530,90,8,0.65,405,25,8,0.8,53,3,0.66,2.11,23,4,30,0.5,335,525
Jhin,BOTTOM,51.49,7.49,0.12,7.05,5.49,8.84,8,20223,17410,3967,176.6,1.72,6.8,12197,581,84,3.75,0.5,245,45,6.7,1,57,3.4,0.63,1,28,3.5,30,0.5,325,525
Kled,TOP,51.49,1.66,0.35,6.27,5.49,7.52,6,18368,33678,4170,158.9,2.25,2.77,11499,534,88,3.75,0.55,325,40,8.75,0.7,61,3.11,0.67,2.65,24,3.5,30,0.5,330,500
Kennen,TOP,51.43,0.97,0.1,4.85,5.32,6.42,5,19067,19943,3797,166.7,0.92,2.25,10618,572.8,85,7.5,0.75,327.2,40,7.59,0.5,63,3.1,0.67,2.7,36,3,32.1,1.25,350,125
Nasus,TOP,51.43,1.98,0.22,5.12,5.3,5.24,7,18478,33644,1905,174,2.17,3.85,11440,561.2,90,9,0.9,325.6,42,7.44,0.5,67,3.5,0.64,3.48,34,3.5,32.1,1.25,350,125
Fizz,MID,51.4,3.37,1.25,8.78,5.7,6.11,8,19321,21962,3706,154.2,1.34,4.09,11732,570,98,8,0.7,317.2,37,6,0.8,58.04,3,0.66,3.1,22.41,3.4,32.1,1.25,335,175
Quinn,TOP,51.37,0.91,0.21,6.7,6.63,6.25,6,20518,20605,1741,163.5,2.89,4.79,11657,532.8,85,5.5,0.55,268.8,35,6.97,0.4,59,2.4,0.67,3.1,28,3.5,30,0.5,335,525
Ahri,MID,51.36,3.6,0.27,6.46,5.19,7.92,7,20281,18397,3773,162,1,3.9,11074,526,92,6.5,0.6,418,25,8,0.8,53.04,3,0.67,2,20.88,3.5,30,0.5,330,550
Elise,JUNGLE,51.25,8.22,1.44,6.09,5.48,7.74,9,14030,21015,7268,27.3,7.24,68.49,9983,534,93,5.5,0.6,324,50,6,0.8,55,3,0.63,1.75,27,3.35,30,0.5,330,550
Blitzcrank,SUPPORT,51.24,5.95,1.62,2.29,5.42,11.68,4,8432,18146,1705,31,0.11,0.1,7457,582.6,95,8.5,0.75,267.2,40,8.5,0.8,61.54,3.5,0.63,1.13,40,3.5,32.1,1.25,325,125
Heimerdinger,BOTTOM,51.22,0.53,0.08,5.21,5.84,8.73,6,23833,15918,2367,165.9,1.14,3.3,11112,585.6,95,9.5,0.8,300,40,7.5,0.75,68,5,0.57,2.5,35,3.8,32.1,1.25,340,125
Talon,MID,51.21,2.33,0.47,8.91,6.62,6.11,8,20735,22631,3136,164.3,3.65,5.5,12029,588,95,8.5,0.75,377.2,37,7.6,0.8,68,3.1,0.63,2.9,30,3.5,39,1.25,335,125
Vel'Koz,SUPPORT,51.21,1.8,0.06,4.39,5.99,9.21,7,19484,13753,1031,44.5,0.55,1.21,8816,520,88,5.5,0.55,469,21,8,0.8,54.94,3.14,0.63,1.36,21.88,3.5,30,0.5,340,525
Veigar,BOTTOM,51.18,0.51,0.17,7.48,5.93,8.08,6,20193,16568,2044,169.4,1.66,5.58,11802,505,94,6.5,0.6,490,26,8,0.8,50.71,2.63,0.63,2.24,22.55,3.75,30,0.5,340,550
Nidalee,JUNGLE,51.09,2.64,0.12,6.68,5.23,7.24,8,15491,25265,14604,29.8,12.01,85.13,10663,545,85,6,0.6,295.6,45,6,0.8,61,3.5,0.64,3.22,28,3.5,30,0.5,335,525
Vi,JUNGLE,51.08,3.18,0.06,5.84,5.93,7.41,7,12951,23029,6576,31.3,7.67,81.3,10545,585,85,10,1,295,45,8,0.65,63,3.5,0.64,2,30,4,32.1,1.25,340,125
Soraka,SUPPORT,51.07,4.61,0.23,1.04,4.99,13.18,3,6183,12500,18762,16.2,0.05,0.08,7078,529.04,78,2.5,0.5,350.8,60,11.5,0.4,50.04,3,0.63,2.14,32,3.8,30,0.5,325,550
Udyr,JUNGLE,51.01,0.98,0.04,5.31,5.28,5.81,6,10810,26118,9777,36.3,11.44,75.94,10448,593.32,99,6,0.75,270.4,30,7.51,0.45,66,5,0.66,2.67,34,4,32.1,1.25,345,125
Sylas,SUPPORT,50.98,0.5,0.29,4.15,4.05,3.31,5,9760,14397,3799,90.7,0.71,1.3,6631,525,115,9,0.9,280,50,7,0.8,61,3,0.65,3.5,27,4,32,1.75,340,175
Kha'Zix,JUNGLE,50.89,5.78,0.56,7.69,5.59,5.77,8,16090,28218,13283,28.4,10.23,80.24,10927,540,85,7,0.55,300,35,6.97,0.4,65,2.26,0.63,3.5,29,3.5,30,0.5,325,500
Vayne,BOTTOM,50.89,6.09,0.72,7.6,6.16,6.43,7,19276,20145,3828,165.7,1.96,7.83,12014,515,89,3.5,0.55,231.8,35,6.97,0.4,60,2.36,0.66,3.3,23,3.4,30,0.5,330,550
Karthus,JUNGLE,50.87,1.71,0.18,7.08,6.18,8.4,7,23495,24673,9585,43.4,8.95,100.39,11596,576,90,6,0.5,397.6,67,6,0.8,58.85,3.9,0.64,3.7,19,2.8,30,0.5,335,150
Malphite,SUPPORT,50.87,0.8,0.27,3.66,5.24,7.29,6,12182,14008,1078,58,0.39,0.83,7625,574.2,90,7,0.55,282.2,40,7.32,0.55,61.97,4,0.74,3.4,37,3.75,32.1,1.25,335,125
Veigar,MID,50.85,2.1,0.17,7.08,5.82,6.92,7,20461,17156,1845,171.1,1.65,5.87,11636,505,94,6.5,0.6,490,26,8,0.8,50.71,2.63,0.63,2.24,22.55,3.75,30,0.5,340,550
Shen,TOP,50.8,2.55,0.05,4.29,4.89,9.84,6,15115,25290,3117,148.6,1.13,2.09,10309,540,85,8.5,0.75,400,0,50,0,60,3,0.75,3,34,3,32.1,1.25,340,125
Pantheon,MID,50.76,0.52,0.21,7.48,6.08,7.79,6,18481,23146,4454,144.3,1.39,3.74,11201,580,95,10,0.65,317.12,31,7.36,0.45,64,3.3,0.64,2.95,40,3.75,28,1.25,355,175
Malzahar,MID,50.73,1.96,0.43,4.88,5.47,8.06,5,20779,15437,1075,189.2,1.73,6.1,11690,565,95,5,0.75,377.28,43,7.2,0.6,63.54,3.3,0.8,2.13,39,4,32.1,1.25,335,125
Zyra,SUPPORT,50.72,2.33,0.15,3.65,6.18,10.09,7,18327,14896,1366,37,0.59,1.04,8741,504,79,5.5,0.5,418,25,13,0.4,53.38,3.2,0.63,2.11,29,3,30,0.5,340,575
Lux,MID,50.67,2.37,0.08,6.27,5.05,9.39,6,21749,14005,1161,161,0.93,3.82,11120,490,85,5.5,0.55,480,23.5,8,0.8,53.54,3.3,0.67,1,18.72,4,30,0.5,330,550
Ashe,SUPPORT,50.6,0.58,0.05,2.86,4.22,6.26,4,9855,9621,1070,79.7,0.59,0.93,7052,539,85,3.5,0.55,280,32,6.97,0.4,61,2.96,0.66,3.33,26,3.4,30,0.5,325,600
Zilean,SUPPORT,50.6,1.73,0.07,2.42,4.89,11.68,4,10817,14059,5669,36.4,0.24,0.39,7849,504,82,5.5,0.5,452,30,11.34,0.8,51.64,3,0.63,2.13,24,3.8,30,0.5,335,550
Zac,JUNGLE,50.46,4.13,0.26,3.98,4.36,10.94,6,12213,35679,30762,31.5,5.11,73.47,9511,615,95,8,0.5,0,0,0,0,60,3.4,0.74,1.6,33,3.5,32,1.25,340,175
Ziggs,MID,50.45,1.43,0.02,5.89,5.35,8.17,6,26803,16176,1368,188.5,1.77,7.38,12028,536,92,6.5,0.6,480,23.5,8,0.8,54.21,3.1,0.66,2,21.54,3.3,30,0.5,325,550
Anivia,MID,50.43,1.04,0.06,5.75,4.54,7.68,6,19067,24176,4303,178.8,2.91,11.42,11661,480,82,5.5,0.55,495,25,8,0.8,51.38,3.2,0.63,1.68,21.22,4,30,0.5,325,600
Vel'Koz,MID,50.39,1.28,0.06,6.54,5.33,8.13,6,25541,15903,1496,171,1.28,4.63,11448,520,88,5.5,0.55,469,21,8,0.8,54.94,3.14,0.63,1.36,21.88,3.5,30,0.5,340,525
Ornn,TOP,50.28,4.74,0.63,3.81,5.04,8.55,5,17253,27583,3373,158.9,0.68,1.53,10154,590,95,9,0.9,340.6,45,8.01,0.6,69,3.5,0.63,2,36,4,32.1,1.25,335,175
Katarina,MID,50.25,3.73,0.95,9.43,6.69,6.27,8,21032,24251,6933,152.4,1.22,2.56,11825,602,94,7.5,0.7,0,0,0,0,58,3.2,0.66,2.74,27.88,3.5,32.1,1.25,340,125
Maokai,TOP,50.25,0.6,0.01,3.48,5.1,9.44,4,17918,32192,12290,145,0.73,1.18,9810,598.56,92,7.5,0.65,250.56,42,7.26,0.45,66,3,0.68,2,33,3,32.1,1.25,355,125
Olaf,JUNGLE,50.23,4.48,1.59,6.5,5.53,6.63,7,15138,29895,10566,36.6,9.16,78.6,10824,597.24,93,8.5,0.9,315.6,42,7.47,0.58,68,3.5,0.69,2.7,35,3,32.1,1.25,350,125
Kassadin,MID,50.21,3.38,3.21,8.14,5.62,5.52,8,20955,25297,7528,167.1,2.71,7.93,11773,602,94,7.5,0.7,0,0,0,0,58,3.2,0.66,2.74,27.88,3.5,32.1,1.25,340,125
Swain,SUPPORT,50.19,2.04,0.13,4.41,6,10.35,7,16445,22556,6526,36.3,0.41,0.74,8524,525,85,7,0.65,468,28.5,8,0.8,58,2.7,0.63,2.11,22.72,4,30,0.5,335,525
Zed,MID,50.15,4.35,2.63,9.07,6.35,5.66,9,22417,20545,2919,164.8,1.83,3.67,12129,584,85,7,0.65,200,0,50,0,63,3.4,0.65,3.3,32,3.5,32.1,1.25,345,125
Rumble,TOP,50.08,1.29,0.1,5.38,5.71,7.59,7,21285,22887,3541,165.7,1.42,3.12,10895,589,85,8,0.6,100,0,0,0,61.04,3.2,0.64,1.85,30.88,3.5,32.1,1.25,345,125
Sivir,BOTTOM,50.04,1.27,0.02,6.06,5.62,9.05,7,19963,17867,2912,195.1,2.42,8.67,12367,532,88,3.25,0.55,284,50,8,0.9,63,3,0.63,1.6,26,3.25,30,0.5,335,500
Illaoi,TOP,50.03,1.52,0.39,5.5,6.08,4.66,6,24089,32048,9644,198,1.33,1.5,11868,580,95,8.5,0.85,350,30,8,0.8,63,4,0.66,2.5,36,3,32,1.25,335,200
Pyke,SUPPORT,50.02,6.1,1.37,6.32,6.19,8.11,7,9509,17880,4364,37.5,0.2,0.16,10294,600,90,7,0.5,415,50,8,1,62,2,0.67,2.5,45,5,32,1.5,330,150
Jarvan IV,JUNGLE,49.99,6.12,0.14,5.06,5.51,11.71,7,11409,26187,8371,29.7,6.93,71.62,10215,592.8,85,8.5,0.55,338.8,32,7.58,0.7,68,3.38,0.64,3.4,36,3,32.1,1.25,350,125
Vladimir,MID,49.98,2.91,1.98,6.48,5.38,6.29,8,22516,28502,22526,182.5,1.79,4.25,11527,537,96,7,0.6,2,0,0,0,55,3,0.66,2,23,3.3,30,0.5,330,450
Lucian,BOTTOM,49.97,9.61,0.32,7.42,5.63,7.35,8,20094,19282,3010,183,2.76,9.7,12447,525,74,6,0.6,350,55,11,0.6,47,2.6,0.63,2.25,29,3.7,30,0.5,330,550
Rumble,MID,49.93,1.39,0.1,6.57,5.64,8.33,7,21839,22650,3773,158.5,1.56,3.71,11005,589,85,8,0.6,100,0,0,0,61.04,3.2,0.64,1.85,30.88,3.5,32.1,1.25,345,125
Rengar,JUNGLE,49.89,3.76,0.8,7.82,6.15,5.65,9,16280,27404,10483,37.6,10.33,78.86,11129,585,90,7,0.5,4,0,0,0,68,3,0.67,3,34,3,32.1,1.25,345,125
Brand,SUPPORT,49.87,2.76,0.3,4.89,7.07,8.91,8,19823,17635,1831,34.7,0.89,1.9,9017,519.68,88,5.5,0.55,469,21,10.67,0.6,57.04,3,0.63,1.36,21.88,3.5,30,0.5,340,550
Dr. Mundo,TOP,49.85,1.02,0.14,4.7,5.27,6.45,5,20473,34104,8966,167,2.14,2.77,10945,582.52,89,8,0.75,0,0,0,0,61.27,3.5,0.72,2.8,36,3.5,32.1,1.25,345,125
Jinx,BOTTOM,49.78,5.67,0.05,6.94,5.97,7.85,7,19974,17877,2711,182.5,2.59,10.6,12366,571,86,3.5,0.55,344.88,38,8.2,0.45,59,1.7,0.64,1.8,28,3,30,0.5,335,525
Nautilus,SUPPORT,49.77,8.88,4.13,2.31,5.98,11.74,4,8554,17043,1553,34.5,0.08,0.12,7493,576.48,86,8.5,0.55,400,47,8.63,0.5,61,3.3,0.71,1,39,3.75,32.1,1.25,325,175
Cho'Gath,MID,49.76,0.62,0.09,7.71,5.85,7.12,8,20985,29077,7345,169.1,2.26,6.81,11832,574.4,80,9,0.85,272.2,40,7.21,0.45,69,4.2,0.63,1.44,38,3.5,32.1,1.25,345,125
Draven,BOTTOM,49.73,3.49,0.96,7.22,6.42,6.84,8,20392,18486,2163,175.8,2.6,8.39,12909,574,88,3.75,0.7,360.56,39,8.04,0.65,60,3.61,0.68,2.7,29,3.3,30,0.5,330,550
Lulu,SUPPORT,49.71,5.26,0.22,1.7,4.83,13.41,3,6068,12190,1874,16.5,0.08,0.11,7424,490,85,5.5,0.55,480,23.5,8,0.8,53.54,3.3,0.67,1,18.72,4,30,0.5,330,550
Cho'Gath,TOP,49.69,1.13,0.09,5.58,5.76,6.19,6,17616,31733,7516,158.1,1.32,2.95,10742,574.4,80,9,0.85,272.2,40,7.21,0.45,69,4.2,0.63,1.44,38,3.5,32.1,1.25,345,125
Thresh,SUPPORT,49.59,13.37,1,2.12,5.58,13.21,4,7404,16674,1939,32.9,0.06,0.07,7530,560.52,93,7,0.55,273.92,44,6,0.8,56,2.2,0.63,3.5,28,0,30,0.5,335,450
Urgot,TOP,49.54,1.08,0.08,6.17,5.91,5.41,6,18860,25094,4057,171.8,2.24,3.57,11654,585,88,7.5,0.7,340,45,7.25,0.8,63,4,0.63,3.75,36,4.25,32.1,1.25,330,350
Garen,TOP,49.49,3.09,0.4,6.27,5.03,4.6,7,18264,28666,3220,175.5,2.69,3.09,11774,620,84,8,0.5,0,0,0,0,66,4.5,0.63,3.65,36,3,32.1,1.25,340,175
Jax,JUNGLE,49.49,2.73,0.82,6.17,5.74,5.77,8,13779,26596,9131,54.1,8.06,71.09,10949,592.8,85,8.5,0.55,338.8,32,7.58,0.7,68,3.38,0.64,3.4,36,3,32.1,1.25,350,125
Shaco,SUPPORT,49.46,0.74,1.04,4.35,5.31,10.08,6,17404,15944,1662,30.5,0.57,0.47,8604,587,89,8.5,0.55,297.2,40,7.16,0.45,63,3,0.69,3,30,3.5,32.1,1.25,350,125
Xerath,MID,49.45,1.54,0.07,6.36,5.03,9.15,6,25115,14971,1320,171.3,1.21,5.95,11458,526,92,5.5,0.55,459,22,8,0.8,54.7,3,0.63,1.36,21.88,3.5,30,0.5,340,525
Hecarim,JUNGLE,49.43,2.19,0.09,6.68,5.5,7.75,8,14208,32073,13159,34.8,8.05,82.86,10892,488,87,7,0.55,385,20,8,0.8,55.54,2.7,0.63,1.36,19.04,3,30,0.5,340,550
Kalista,BOTTOM,49.43,0.69,0.01,8.04,6.39,7.34,6,18764,20927,4300,174.4,3.03,9.47,12418,534,95,5.5,0.55,374,50,11.5,0.5,53.54,3.3,0.63,2.3,26,3.8,30,0.5,335,525
Taliyah,JUNGLE,49.39,0.98,0.03,6.74,5.72,8.18,6,18031,22474,8211,35.4,8.52,76.79,10491,532,90,7,0.7,425,30,9.34,0.85,58,3.3,0.63,1.36,20,3.5,30,0.5,335,525
Volibear,TOP,49.33,0.52,0.03,5.82,5.62,6.44,6,17418,30281,3304,153.8,1.86,2.74,11102,584.48,86,8,0.65,270.4,30,8.09,0.65,68,3.3,0.66,2.67,35,3.5,32.1,1.25,345,125
Xerath,SUPPORT,49.33,1.25,0.07,4.16,5.31,9.24,7,18579,12395,918,48.2,0.56,1.31,8551,526,92,5.5,0.55,459,22,8,0.8,54.7,3,0.63,1.36,21.88,3.5,30,0.5,340,525
Jax,TOP,49.31,3.15,0.82,5.96,6.14,4.61,8,17408,25756,4876,171.5,3.63,5.55,11766,560,90,6,0.6,357.2,37,6,0.8,54,4.25,0.66,3,27,3.5,30,0.5,335,125
Darius,TOP,49.23,4.9,3.54,6.51,5.76,4.57,7,17555,28736,5737,176.4,1.46,1.89,11585,582.24,100,10,0.95,263,37.5,6.6,0.35,64,5,0.63,1,39,4,32.1,1.25,340,175
Dr. Mundo,JUNGLE,49.19,0.97,0.14,5.12,5.39,7.54,6,15945,36156,16184,43.4,9.03,80.64,10702,582.52,89,8,0.75,0,0,0,0,61.27,3.5,0.72,2.8,36,3.5,32.1,1.25,345,125
Nocturne,JUNGLE,49.17,2.94,0.38,6.85,5.92,6.75,7,14482,27181,10892,38.9,7.18,83.23,11100,585,85,8.5,0.75,275,35,7,0.45,62,3.1,0.72,2.7,38,3.5,32.1,1.25,345,125
Teemo,TOP,49.17,1.86,0.31,5.27,6.21,5.69,6,25128,21026,3734,172.8,2.36,3.7,11399,528,90,5.5,0.65,334,20,9.6,0.45,54,3,0.69,3.38,24.3,3.75,30,0.5,330,500
Amumu,JUNGLE,49.16,1.78,0.04,4.35,5.77,9.6,5,12716,27228,7727,31.5,6.35,82.76,10042,613.12,84,9,0.85,287.2,40,7.38,0.53,53.38,3.8,0.74,2.18,33,3.8,32.1,1.25,335,125
Twisted Fate,MID,49.1,1.71,0.05,5.13,5.37,8.73,5,17911,20658,4092,168.1,1.39,5.94,11689,534,94,5.5,0.6,333,19,8,0.8,49.95,3.3,0.65,3.22,20.54,3.15,30,0.5,335,525
Zoe,MID,49.07,1.82,0.26,6.84,5.47,7.53,7,22306,17704,3908,154.8,0.97,4.29,10957,560,92,6.5,0.6,425,25,8,0.65,58,3.3,0.63,2.5,20.8,3.5,30,0.5,340,550
Karma,SUPPORT,48.95,3.18,0.03,2.37,5.41,12.11,4,11580,13849,2895,25.5,0.22,0.34,7853,528,87,6.5,0.55,467,30.5,8,0.8,45.66,3.25,0.63,2.11,20.88,3.5,30,0.5,335,450
Volibear,JUNGLE,48.94,0.98,0.03,5.5,5.37,8.27,6,12838,30562,7690,37.4,5.97,70.17,10300,584.48,86,8,0.65,270.4,30,8.09,0.65,68,3.3,0.66,2.67,35,3.5,32.1,1.25,345,125
Ezreal,BOTTOM,48.93,5.37,0.09,6.71,5.45,7.69,8,23152,17730,2492,171.2,1.74,6.64,11780,500,86,4,0.55,375,42,8.5,0.65,60,2.5,0.63,1.5,22,3.5,30,0.5,325,550
Neeko,MID,48.89,0.8,0.03,5.73,5.9,8.29,5,19562,18508,2135,158.3,1.39,4.82,10820,540,90,7.5,0.75,450,30,7,0.7,48,2.5,0.63,3,21,4,30,0.5,340,550
Camille,TOP,48.87,2.28,0.12,6.34,6.16,5.78,7,18549,26028,3797,162.8,2.67,4.06,11488,575.6,85,8.5,0.8,338.8,32,8.15,0.75,68,3.5,0.64,2.5,35,3.8,32.1,1.25,340,125
Senna,SUPPORT,48.85,7.35,2.68,3.36,5.41,11.12,7,12501,13356,8520,37.8,0.34,0.62,8217,520,75,3.5,0.55,350,45,11.5,0.4,50,0,0.63,4,28,3.5,30,0.5,330,600
Fiddlesticks,SUPPORT,48.77,1.09,0.08,3.31,6.61,10.51,5,13331,15171,2905,30,0.66,1.33,8180,524.4,80,5.5,0.6,500,28,8,0.8,48.36,2.63,0.63,2.11,30,3.5,30,0.5,335,480
Fiora,TOP,48.77,3.64,1.36,5.83,6.22,4.4,7,18556,28949,8594,181.9,3.57,4.22,11853,550,85,8.5,0.55,300,40,8,0.7,68,3.3,0.69,3.2,33,3.5,32.1,1.25,345,150
Xin Zhao,JUNGLE,48.77,1.81,0.03,5.48,5.92,7.3,6,13468,28290,13448,29.6,8.49,70.97,9999,570,92,8,0.7,273.8,35,7.26,0.45,66,3,0.65,3.5,35,3.5,32.1,1.25,345,175
Evelynn,JUNGLE,48.74,2.47,0.84,7.81,5.55,6.59,7,17602,22894,8335,19.1,8,81.41,10634,572,84,8.5,0.75,315.6,42,8.11,0.6,61,3,0.67,2.1,37,3.5,32.1,1.25,335,125
Tristana,BOTTOM,48.66,2.97,0.05,8.03,5.88,6.75,7,19041,19041,2903,169.4,2.62,9.03,12437,559,88,3.75,0.65,250,32,7.2,0.45,61,3.3,0.66,1.5,26,3,30,0.5,325,525
Orianna,MID,48.6,2.72,0.05,5.61,5.37,9.18,7,20395,16886,2175,176.3,1.84,8.83,11367,530,91,7,0.55,418,25,8,0.8,40.37,2.6,0.66,3.5,17.04,3,26,0.5,325,525
Varus,BOTTOM,48.6,2.61,0.01,7,5.93,7.78,8,19376,17113,2836,179.5,2.11,9.11,12138,500,89,3.5,0.55,360,33,8,0.8,61,3.11,0.66,3,27,3.4,30,0.5,330,575
LeBlanc,SUPPORT,48.54,0.51,0.76,4,3.3,3.39,4,8861,10143,1580,86.6,0.5,1.37,6548,575,85,7.5,0.7,200,0,50,0,70,3.2,0.65,3,33,3.7,32.1,1.25,345,125
Kayn,JUNGLE,48.51,4.21,0.27,6.67,6.07,7.25,8,15744,32060,14704,32.9,9.52,81.09,10811,541,84,5.5,0.65,200,0,50,0,48,3.75,0.63,3.4,29,3.75,30,0.5,335,550
Yasuo,BOTTOM,48.49,1.38,4.45,7.52,6.99,6.9,7,18494,22478,4612,185.5,4.14,8.58,12640,523,87,6.5,0.9,100,0,0,0,60,3.2,0.7,2.5,30,3.4,30,1.25,345,175
Sion,TOP,48.46,0.71,0.01,4.38,5.91,8.08,6,18402,33490,3169,163,1.19,1.78,10575,545,73,7.5,0.8,330,42,8,0.6,68,4,0.68,1.3,32,3,32.1,1.25,345,175
Rengar,TOP,48.44,0.76,0.8,6.83,6.01,5.37,6,18353,29112,7329,157.2,4.21,5.75,11477,585,90,7,0.5,4,0,0,0,68,3,0.67,3,34,3,32.1,1.25,345,125
Morgana,SUPPORT,48.39,5.82,4.09,2.54,5.75,12.56,5,11042,15394,3200,24.7,0.23,0.33,7985,560,90,5.5,0.4,340,60,11,0.4,56,3.5,0.63,1.53,25,3.8,30,0.5,330,450
Annie,MID,48.36,0.82,0.04,7.03,6.28,7.49,10,21170,17602,2274,151.7,1.06,3.52,11073,524,88,5.5,0.55,418,25,8,0.8,50.41,2.63,0.58,1.36,19.22,4,30,0.5,335,625
Jayce,TOP,48.26,0.57,0.03,5.68,6.07,6.56,6,20308,20487,3010,172.7,1.95,4.48,11386,556,91,3.75,0.55,300,50,6,0.8,59,4.7,0.63,3,24,3.5,30,0.5,330,550
Aphelios,BOTTOM,48.16,5.38,6.22,6.73,6.59,7.48,8,21020,17504,3311,174.7,2.32,8.82,11926,500,86,3.25,0.55,348,42,6.5,0.4,57,2.2,0.64,2.1,28,3,26,0.5,325,550
Lee Sin,JUNGLE,48.15,16.01,2.32,6.29,5.57,8.07,8,12536,26626,7528,27.1,8.54,72.08,10330,576.16,87,8.5,0.85,302.2,40,6,0.8,60.04,3,0.63,2.9,47,3.6,32.1,1.25,335,125
Poppy,TOP,48.13,0.82,0.04,4.4,5.35,7.22,5,17513,25713,3641,152.7,1.23,2.06,10256,540,90,8,0.8,280,40,7,0.7,64,4,0.63,2.5,38,3.5,32,1.25,345,125
Caitlyn,BOTTOM,48.12,10.48,1.81,6.32,5.85,7.51,7,20086,17255,3299,176.9,1.81,7.61,11936,481,91,3.5,0.55,313.7,35,7.4,0.55,62,2.88,0.63,4,28,3.5,30,0.5,325,650
Mordekaiser,TOP,48.01,4.87,3.22,5.91,6.01,4.96,8,20405,27882,8009,166.6,1.9,3.17,11160,575,90,5,0.75,0,0,0,0,61,4,0.63,1,37,3,32,1.25,335,175
Riven,TOP,48,2.46,0.26,6.35,5.84,5.14,8,16667,24013,5027,173.8,3.13,4.96,11651,558.48,86,7,0.5,0,0,0,0,64,3,0.63,3.5,33,3.2,32.1,1.25,340,125
Sylas,MID,47.99,1.8,0.29,7.89,6.81,7.06,8,21596,29691,8752,140.6,1.93,5.56,11212,525,115,9,0.9,280,50,7,0.8,61,3,0.65,3.5,27,4,32,1.75,340,175
Rammus,JUNGLE,47.98,1.45,0.25,3.84,5.65,10.34,5,11305,27420,7865,27.7,4.97,71.58,9474,564.48,95,8,0.55,310.44,33,7.84,0.5,55.88,3.5,0.63,2.22,36,4.3,32.1,1.25,335,125
Diana,JUNGLE,47.9,1.23,2.96,6.73,6.34,6.76,7,17296,24271,8057,50.2,7.28,79.07,11049,594,95,7.5,0.85,420,25,8,0.8,57.04,3,0.63,2.25,31,3.6,32.1,1.25,345,150
Aatrox,SUPPORT,47.82,0.55,0.44,2.85,3.23,2.1,4,8885,13665,4428,103.4,1.14,1.27,6343,580,90,3,1,0,0,0,0,60,5,0.65,2.5,38,3.25,32.1,1.25,345,175
Lissandra,MID,47.78,1.03,0.04,5.32,5.94,9.42,6,19493,20518,2884,169,1.19,4.71,10999,571,86,3.75,0.65,348.88,38,8.18,0.7,64,2.75,0.64,3.3,28,3,30,0.5,335,500
Rakan,SUPPORT,47.73,3.12,0.04,1.71,5.05,13.43,3,6709,14699,4336,25.5,0.06,0.07,7366,540,85,5,0.5,315,50,8.75,0.5,62,3.5,0.64,3,32,3.9,32.1,1.25,335,300
Fiddlesticks,JUNGLE,47.71,0.76,0.08,5.34,5.84,9.06,6,15428,27425,15712,30.6,5.15,78.15,10032,524.4,80,5.5,0.6,500,28,8,0.8,48.36,2.63,0.63,2.11,30,3.5,30,0.5,335,480
Yuumi,SUPPORT,47.59,2.18,0.17,1.6,3.97,14.41,4,7950,8155,14058,6.9,0.08,0.11,7219,480,70,7,0.55,400,45,10,0.4,55,3.1,0.63,1,25,3,25,0.3,330,500
Braum,SUPPORT,47.53,3.52,0.09,1.55,5.36,13.5,4,7076,18306,2255,30.5,0.05,0.08,7275,540,98,8.5,1,310.6,45,6,0.8,55.38,3.2,0.64,3.5,47,4,32.1,1.25,335,125
Gnar,TOP,47.42,1.33,0.05,4.69,5.57,6.93,5,19215,27368,3640,163.8,1.55,2.37,10927,600,95,5.5,0.5,400,47,6,0.8,64,3.5,0.68,2.05,35,3.6,32.1,1.25,330,125
Pantheon,JUNGLE,47.31,0.65,0.21,6.2,6.01,7.98,5,13782,25286,7426,42.3,5,60.79,10190,580,95,10,0.65,317.12,31,7.36,0.45,64,3.3,0.64,2.95,40,3.75,28,1.25,355,175
Vladimir,TOP,47.29,2.49,1.98,5.08,5.34,5.68,8,21049,28476,22393,185.7,1.68,3.76,11155,537,96,7,0.6,2,0,0,0,55,3,0.66,2,23,3.3,30,0.5,330,450
Akali,TOP,47.27,1.89,3.8,6.81,5.71,4.95,7,19579,24604,7110,171,1.37,2.33,11222,575,95,8,0.5,200,0,50,0,62.4,3.3,0.63,3.2,23,3.5,37,1.25,345,125
LeBlanc,MID,47.18,3.06,0.76,7.77,5.05,6.8,7,20092,20462,4320,143.7,1.33,5.07,11001,528,92,7.5,0.55,334,50,6,0.8,54.88,3.5,0.63,1.4,21.88,3.5,30,0.5,340,525
Yasuo,MID,46.93,5.4,4.45,6.85,6.98,5.8,8,18496,22580,4311,184.1,4.41,7.46,12119,523,87,6.5,0.9,100,0,0,0,60,3.2,0.7,2.5,30,3.4,30,1.25,345,175
Galio,MID,46.87,0.82,0.03,5.26,5.83,9.73,5,18586,23060,2075,150.9,1.02,3.02,10435,562,112,8,0.8,500,40,9.5,0.7,59,3.5,0.63,1.5,24,3.5,32,1.25,335,150
Gangplank,TOP,46.81,2.13,0.17,4.74,5.28,7.52,6,20997,23947,6457,193.4,1.73,4.27,12347,540,82,6,0.6,282,40,7.5,0.7,64,3,0.66,3.2,35,3,32.1,1.25,345,125
Syndra,MID,46.78,3.09,0.27,6.74,5.92,6.76,10,21822,17900,2960,180.4,1.76,7.26,11643,523,90,6.5,0.6,480,40,8,0.8,53.87,2.9,0.63,2,24.71,3.4,30,0.5,330,550
Alistar,SUPPORT,46.76,1.85,0.05,1.86,5.8,12.16,3,7327,20137,7558,30.6,0.06,0.09,7229,575,106,8.5,0.85,350,40,8.5,0.8,62,3.75,0.63,2.13,44,3.5,32.1,1.25,330,125
Pantheon,TOP,46.76,0.81,0.21,6.53,6.32,7.14,8,18556,24785,4580,145.6,1.29,2.64,11037,580,95,10,0.65,317.12,31,7.36,0.45,64,3.3,0.64,2.95,40,3.75,28,1.25,355,175
Tryndamere,TOP,46.52,1.85,0.58,5.83,5.9,4.19,7,18058,31640,9385,193.8,7.47,8.34,12572,625.64,98,8.5,0.9,100,0,0,0,69,3.7,0.67,2.9,33,3.1,32.1,1.25,345,125
Renekton,TOP,46.42,2.98,0.58,5.15,5.6,5.7,7,17123,31981,8117,185.2,2.57,3.55,11545,575,87,8,0.75,100,0,0,0,69,3.75,0.67,2.75,35,4,32.1,1.25,345,125
Qiyana,MID,46.41,2.95,1.21,8.45,6.72,6.6,8,20363,21527,3991,150.6,1.91,3.98,11433,590,90,8.5,0.65,320,50,8,0.7,64,3.1,0.63,2.1,28,3.5,32.1,1.25,335,150
Sylas,JUNGLE,46.4,0.66,0.29,7.09,6.03,6.96,6,16883,31772,13502,37.6,6.9,70.76,10473,525,115,9,0.9,280,50,7,0.8,61,3,0.65,3.5,27,4,32,1.75,340,175
Ryze,MID,46.27,1.83,0.28,5.46,5.66,6.47,7,20571,23145,6447,189.9,3.73,12.53,11720,570.48,98,8,0.8,300,50,8,0.8,55.04,3,0.63,2.11,21.55,3,34,0.5,340,550
Gragas,JUNGLE,46.04,2.29,0.03,4.69,5.46,8.69,6,13849,25944,11064,27.9,6.41,75.64,9617,555,92,8,0.7,325,40,8,0.7,68,3,0.48,2.6,33,3.4,30,1,340,425
Sylas,TOP,45.94,0.61,0.29,6.39,6.66,6.36,7,20525,30872,9779,147.3,1.64,3.75,10796,525,115,9,0.9,280,50,7,0.8,61,3,0.65,3.5,27,4,32,1.75,340,175
Aatrox,TOP,45.85,3,0.44,5.17,5.87,5.68,5,18484,31708,12226,161.7,2.47,4.47,10800,580,90,3,1,0,0,0,0,60,5,0.65,2.5,38,3.25,32.1,1.25,345,175
Tahm Kench,SUPPORT,45.83,0.75,0.02,1.97,5.12,9.83,3,7595,20494,4719,35.9,0.18,0.19,7152,600,100,6.5,0.55,325,40,8,1,56,3.2,0.66,2.5,47,3.5,32.1,1.25,335,175
Lux,SUPPORT,45.76,2.97,0.08,3.51,5.81,10.23,5,14324,11920,1063,40.8,0.36,0.75,8303,574.2,90,7,0.55,282.2,40,7.32,0.55,61.97,4,0.74,3.4,37,3.75,32.1,1.25,335,125
Xayah,BOTTOM,45.67,3.7,0.11,6.58,5.76,7.37,9,19597,17814,2587,183.6,2.44,10.06,12198,561,86,3.25,0.75,340,40,8.25,0.75,60,2.9,0.63,3.3,25,3,30,0.5,325,525
Twitch,JUNGLE,45.64,1.03,0.07,7.83,6.8,7.07,7,17555,22665,6665,44.7,6.44,70.55,11104,582,84,3.75,0.6,287.2,40,7.26,0.45,59,3.11,0.68,3.38,27,3,30,0.5,330,550
Kai'Sa,BOTTOM,45.6,7.79,0.22,7.63,5.94,6.97,10,18542,17991,2713,176.4,2.17,9.19,12343,534,100,3.75,0.55,250,45,6.3,0.4,69,4,0.69,4,23,4,30,0.5,325,525
Sejuani,JUNGLE,45.54,1.3,0.02,3.77,4.86,10.4,4,11058,31199,7729,32.1,5.66,73.9,9716,560,100,8.5,1,400,40,7,0.7,66,4,0.63,3.5,34,4.25,32.1,1.25,340,150
Shen,SUPPORT,45.54,0.74,0.05,2.56,4.23,7.78,6,7440,15174,1409,66,0.29,0.46,6889,540,85,8.5,0.75,400,0,50,0,60,3,0.75,3,34,3,32.1,1.25,340,125
Veigar,SUPPORT,45.49,0.68,0.17,4.09,5.73,6.91,5,11885,12759,954,65.5,0.47,1.23,8023,505,94,6.5,0.6,490,26,8,0.8,50.71,2.63,0.63,2.24,22.55,3.75,30,0.5,340,550
Akali,MID,45.33,3.4,3.8,7.78,5.86,5.53,8,19091,24316,7018,160.9,1.41,3.46,11284,575,95,8,0.5,200,0,50,0,62.4,3.3,0.63,3.2,23,3.5,37,1.25,345,125
Azir,MID,45.14,0.76,0.02,5.81,6.09,6.37,5,20553,19155,2239,178.5,1.82,8.44,11536,552,92,7,0.75,438,21,8,0.8,52,2.8,0.63,3,19.04,3,30,0.5,335,525
Yasuo,TOP,44.9,1.42,4.45,5.52,7.01,5.08,6,17450,22704,3890,187.2,3.82,6.34,11729,523,87,6.5,0.9,100,0,0,0,60,3.2,0.7,2.5,30,3.4,30,1.25,345,175
Irelia,MID,44.53,1.52,0.43,7.69,6.89,5.75,7,18326,28575,7378,196.6,2.91,5.41,12528,580,95,8.5,0.85,350,30,8,0.8,63,4,0.66,2.5,36,3,32,1.25,335,200
Irelia,TOP,44.13,2.19,0.43,6.64,6.61,5.14,6,17664,28464,7318,204.9,2.77,4.22,12398,585,95,7,0.85,450,60,6,0.75,50,3,0.64,3.4,27,3.5,32.1,1.25,330,475
Ryze,TOP,43.82,1.15,0.28,4.78,5.89,5.58,6,20340,23563,6200,193.6,3.53,9.47,11673,570.48,98,8,0.8,300,50,8,0.8,55.04,3,0.63,2.11,21.55,3,34,0.5,340,550
Qiyana,JUNGLE,37.16,1.1,1.21,5.89,6.96,6.39,7,13957,26045,8730,33.4,6.11,70.13,9872,590,90,8.5,0.65,320,50,8,0.7,64,3.1,0.63,2.1,28,3.5,32.1,1.25,335,150
